"","Rpred","Rprey","preyper"
"1","AmPlaice","LgCopepods",1.85782385760586e-06
"2","AmPlaice","GelZooplankton",0.000476568975953054
"3","AmPlaice","RedHake",0.00164510302590999
"4","AmPlaice","OtherDemersals",0.0020296725644344
"5","AmPlaice","Redfish",0.00285733309299781
"6","AmPlaice","SilverHake",0.00525308984857344
"7","AmPlaice","NShrimp",0.00774935487484555
"8","AmPlaice","Megabenthos",0.0144232118028754
"9","AmPlaice","Micronekton",0.035040233711566
"10","AmPlaice","OtherShrimps",0.0373731551486297
"11","AmPlaice","Macrobenthos",0.893150419130357
"12","AtlHalibut","RedHake",0.000753919190655229
"13","AtlHalibut","Loligo",0.00150783838131046
"14","AtlHalibut","Macrobenthos",0.00336817739172079
"15","AtlHalibut","RiverHerring",0.007386351925174
"16","AtlHalibut","AmLobster",0.0157066498053173
"17","AtlHalibut","Redfish",0.0175914477819553
"18","AtlHalibut","Cod",0.0176599858901967
"19","AtlHalibut","Haddock",0.0226175757196569
"20","AtlHalibut","NShrimp",0.0277123559957802
"21","AtlHalibut","AmPlaice",0.0314132996106345
"22","AtlHalibut","WitchFlounder",0.0356855083576808
"23","AtlHalibut","SmPelagics",0.0396097719752217
"24","AtlHalibut","Micronekton",0.0398325208270062
"25","AtlHalibut","OtherCephalopods",0.0455218691921235
"26","AtlHalibut","OtherShrimps",0.0546745623968584
"27","AtlHalibut","Illex",0.0685495312594247
"28","AtlHalibut","AtlHerring",0.0692851736212156
"29","AtlHalibut","OceanPout",0.088367325257421
"30","AtlHalibut","SilverHake",0.111443649381574
"31","AtlHalibut","OtherDemersals",0.132513863077501
"32","AtlHalibut","Megabenthos",0.168798622961572
"33","AtlHerring","Phytoplankton",8.8799462747105e-05
"34","AtlHerring","OtherDemersals",0.000147999104578508
"35","AtlHerring","Megabenthos",0.000284158280790736
"36","AtlHerring","OtherCephalopods",0.000295998209157017
"37","AtlHerring","SmPelagics",0.00103599373204956
"38","AtlHerring","AtlHerring",0.00118399283662807
"39","AtlHerring","GelZooplankton",0.00347501897550338
"40","AtlHerring","SilverHake",0.0218417078536963
"41","AtlHerring","Macrobenthos",0.0923640346353425
"42","AtlHerring","LgCopepods",0.115331821930599
"43","AtlHerring","OtherShrimps",0.128179064493355
"44","AtlHerring","Micronekton",0.635771410485554
"45","AtlMackerel","AtlHerring",0.000285553060725575
"46","AtlMackerel","AmLobster",0.000380737414300767
"47","AtlMackerel","Megabenthos",0.000475921767875959
"48","AtlMackerel","SilverHake",0.00107082397772091
"49","AtlMackerel","Loligo",0.00285553060725575
"50","AtlMackerel","GelZooplankton",0.00456884897160921
"51","AtlMackerel","OtherCephalopods",0.011422122429023
"52","AtlMackerel","Butterfish",0.011422122429023
"53","AtlMackerel","OtherShrimps",0.0607656913224025
"54","AtlMackerel","SmPelagics",0.0960410127573686
"55","AtlMackerel","Macrobenthos",0.1679104781117
"56","AtlMackerel","LgCopepods",0.208378452159115
"57","AtlMackerel","Micronekton",0.434422704991879
"58","Barndoor","SmFlatfishes",3.84508068067875e-05
"59","Barndoor","GelZooplankton",0.000109859448019393
"60","Barndoor","OtherSkates",0.000242789380122858
"61","Barndoor","LgCopepods",0.000823945860145447
"62","Barndoor","AmLobster",0.00176873711311223
"63","Barndoor","Macrobenthos",0.00209392107924963
"64","Barndoor","AmPlaice",0.00480635085084844
"65","Barndoor","Goosefish",0.00593241019304722
"66","Barndoor","RiverHerring",0.0063169182611151
"67","Barndoor","WitchFlounder",0.00659156688116358
"68","Barndoor","RedHake",0.00747044246531872
"69","Barndoor","OtherCephalopods",0.00972201185247618
"70","Barndoor","AtlHerring",0.0297993752752603
"71","Barndoor","Haddock",0.031859239925624
"72","Barndoor","NShrimp",0.0348254450221476
"73","Barndoor","OtherDemersals",0.0464826310514853
"74","Barndoor","SilverHake",0.0498267526491957
"75","Barndoor","Redfish",0.0601864985974244
"76","Barndoor","OtherShrimps",0.0657065853088875
"77","Barndoor","Micronekton",0.117864137979152
"78","Barndoor","Megabenthos",0.517531929999397
"79","BlackSeaBass","OtherCephalopods",0.0238708370706866
"80","BlackSeaBass","OtherDemersals",0.035010561037007
"81","BlackSeaBass","AmLobster",0.0397847284511443
"82","BlackSeaBass","Loligo",0.0477416741413732
"83","BlackSeaBass","LittleSkate",0.0875264025925176
"84","BlackSeaBass","OtherShrimps",0.120449350423888
"85","BlackSeaBass","Macrobenthos",0.132457032493273
"86","BlackSeaBass","Megabenthos",0.23711698156882
"87","BlackSeaBass","Micronekton",0.27604243222129
"88","Butterfish","Phytoplankton",0.00437623441224759
"89","Butterfish","LgCopepods",0.0098992919555756
"90","Butterfish","Micronekton",0.14045095342725
"91","Butterfish","Macrobenthos",0.256310304301364
"92","Butterfish","GelZooplankton",0.588963215903562
"93","Cod","Mesopelagics",6.07794773731367e-06
"94","Cod","Windowpane",7.09093902686595e-05
"95","Cod","BlackSeaBass",0.000121558954746273
"96","Cod","LgCopepods",0.000139903306098893
"97","Cod","GelZooplankton",0.000383491506664413
"98","Cod","YTFlounder",0.000679210186038486
"99","Cod","SmFlatfishes",0.00113889163553949
"100","Cod","SpinyDogfish",0.00123874363408107
"101","Cod","Haddock",0.00124453215573566
"102","Cod","OtherSkates",0.00150148989427507
"103","Cod","Pollock",0.00169024832313866
"104","Cod","Sharks",0.00173655649637533
"105","Cod","Butterfish",0.00201729979662268
"106","Cod","OtherPelagics",0.00219963822874209
"107","Cod","WitchFlounder",0.0025295839630534
"108","Cod","WhiteHake",0.00410985037475496
"109","Cod","AmLobster",0.00608773033890992
"110","Cod","Cod",0.00608952478062284
"111","Cod","NShrimp",0.00736989009556319
"112","Cod","Goosefish",0.00827063974007026
"113","Cod","AtlMackerel",0.0082842690774206
"114","Cod","RiverHerring",0.00900034077984718
"115","Cod","WinterFlounder",0.00907374449671972
"116","Cod","OtherCephalopods",0.0112271587489037
"117","Cod","OceanPout",0.0112677678594569
"118","Cod","Loligo",0.0135773143275423
"119","Cod","Redfish",0.0144553951740374
"120","Cod","AmPlaice",0.0146458280643468
"121","Cod","Illex",0.0168429614419002
"122","Cod","Micronekton",0.0304640635151049
"123","Cod","RedHake",0.0310660263006464
"124","Cod","OtherShrimps",0.0364950623424577
"125","Cod","OtherDemersals",0.0554886724913871
"126","Cod","Macrobenthos",0.0782092705628421
"127","Cod","Megabenthos",0.104699107660478
"128","Cod","SmPelagics",0.144675271260815
"129","Cod","SilverHake",0.170793452273653
"130","Cod","AtlHerring",0.191108522873403
"131","Cusk","Megabenthos",0.0221367256659153
"132","Cusk","Macrobenthos",0.032921878855833
"133","Cusk","OtherShrimps",0.0482118871865027
"134","Cusk","SilverHake",0.0510108596820434
"135","Cusk","Micronekton",0.0510555769941023
"136","Cusk","OtherCephalopods",0.110819436462496
"137","Cusk","Redfish",0.163963477549425
"138","Cusk","OtherDemersals",0.519880157603682
"139","Fourspot","SmFlatfishes",0.00235358470167765
"140","Fourspot","Loligo",0.00253759223289973
"141","Fourspot","Butterfish",0.00256754694728471
"142","Fourspot","Redfish",0.00596954665243696
"143","Fourspot","NShrimp",0.00599094287699766
"144","Fourspot","AmPlaice",0.00673981073662237
"145","Fourspot","Haddock",0.0154052816837083
"146","Fourspot","Megabenthos",0.0173437796289082
"147","Fourspot","SmPelagics",0.0213962245607059
"148","Fourspot","RedHake",0.0372722231847498
"149","Fourspot","Macrobenthos",0.0557095443998424
"150","Fourspot","Illex",0.0560581083490496
"151","Fourspot","SilverHake",0.0688958430854731
"152","Fourspot","OtherDemersals",0.0918111995899892
"153","Fourspot","OtherCephalopods",0.0946996899056845
"154","Fourspot","Micronekton",0.168276396708971
"155","Fourspot","OtherShrimps",0.346972684754999
"156","Goosefish","GelZooplankton",1.96649308240346e-06
"157","Goosefish","BlackSeaBass",0.000206481773652364
"158","Goosefish","Fourspot",0.000663280239484848
"159","Goosefish","Megabenthos",0.000815173952890675
"160","Goosefish","Windowpane",0.000983246541201731
"161","Goosefish","NShrimp",0.00242716196416631
"162","Goosefish","SmFlatfishes",0.00270392798830476
"163","Goosefish","Butterfish",0.00288228676561357
"164","Goosefish","Pollock",0.00294973962360519
"165","Goosefish","AtlMackerel",0.00336270317090992
"166","Goosefish","Micronekton",0.00348364830557093
"167","Goosefish","OtherShrimps",0.00412883028351608
"168","Goosefish","Loligo",0.00430259747824958
"169","Goosefish","AmLobster",0.00447377176246788
"170","Goosefish","Macrobenthos",0.00489810727111
"171","Goosefish","WinterFlounder",0.006132419291426
"172","Goosefish","YTFlounder",0.00650220937696705
"173","Goosefish","WitchFlounder",0.00774798274466964
"174","Goosefish","Goosefish",0.0120152727334852
"175","Goosefish","SpinyDogfish",0.0159777562945281
"176","Goosefish","RiverHerring",0.0169075946713328
"177","Goosefish","OceanPout",0.0174624585717427
"178","Goosefish","OtherCephalopods",0.0185032518514195
"179","Goosefish","Cod",0.0200090671134552
"180","Goosefish","Illex",0.0244813818833211
"181","Goosefish","OtherSkates",0.0275621972094734
"182","Goosefish","WhiteHake",0.0331796545328524
"183","Goosefish","RedHake",0.039273769756931
"184","Goosefish","SmPelagics",0.0526986805087776
"185","Goosefish","AmPlaice",0.0617622828799949
"186","Goosefish","Haddock",0.0706841189771807
"187","Goosefish","AtlHerring",0.073856563942368
"188","Goosefish","Redfish",0.0894374856870812
"189","Goosefish","SilverHake",0.151834773317617
"190","Goosefish","OtherDemersals",0.21568815504155
"191","Haddock","RedHake",0.000108084513949179
"192","Haddock","OceanPout",0.000270211284872948
"193","Haddock","Mesopelagics",0.000330701765691097
"194","Haddock","LgCopepods",0.000400219759890228
"195","Haddock","AmLobster",0.000878186675837081
"196","Haddock","RiverHerring",0.00199280822593799
"197","Haddock","NShrimp",0.00216691026971408
"198","Haddock","Butterfish",0.00222924310020182
"199","Haddock","Redfish",0.00441457686661179
"200","Haddock","GelZooplankton",0.00441833955875364
"201","Haddock","OtherCephalopods",0.00839319238974333
"202","Haddock","OtherDemersals",0.0102942516021358
"203","Haddock","SilverHake",0.0217182320216632
"204","Haddock","OtherShrimps",0.0263040049325056
"205","Haddock","Megabenthos",0.0284599114617598
"206","Haddock","AtlHerring",0.0345870444637373
"207","Haddock","SmPelagics",0.0466836667476314
"208","Haddock","Micronekton",0.0576552551352086
"209","Haddock","Macrobenthos",0.748695159224155
"210","LittleSkate","YTFlounder",1.96892910542601e-05
"211","LittleSkate","BlackSeaBass",0.000344562593449552
"212","LittleSkate","LgCopepods",0.000750151547876599
"213","LittleSkate","Redfish",0.000886018097441705
"214","LittleSkate","GelZooplankton",0.000918833582532138
"215","LittleSkate","OceanPout",0.00111982842871104
"216","LittleSkate","RedHake",0.00115018275241969
"217","LittleSkate","AmPlaice",0.00311747108359118
"218","LittleSkate","WinterFlounder",0.00369174207267377
"219","LittleSkate","NShrimp",0.0055786324653737
"220","LittleSkate","OtherCephalopods",0.00700528567968029
"221","LittleSkate","OtherPelagics",0.00820387127260838
"222","LittleSkate","Loligo",0.00957391777513398
"223","LittleSkate","AtlHerring",0.0113213423561996
"224","LittleSkate","AmLobster",0.0169615038561178
"225","LittleSkate","SilverHake",0.0172937606426585
"226","LittleSkate","OtherDemersals",0.0209920523878337
"227","LittleSkate","SmPelagics",0.0540963271715796
"228","LittleSkate","Micronekton",0.0664552653340795
"229","LittleSkate","Megabenthos",0.129638779073028
"230","LittleSkate","OtherShrimps",0.168894077878903
"231","LittleSkate","Macrobenthos",0.471986704657054
"232","Mesopelagics","LgCopepods",1
"233","OceanPout","LgCopepods",1.26328839519221e-06
"234","OceanPout","OtherShrimps",0.000208182357260139
"235","OceanPout","GelZooplankton",0.000247786685020276
"236","OceanPout","SmPelagics",0.00123608274623208
"237","OceanPout","Micronekton",0.00148460043521137
"238","OceanPout","Megabenthos",0.157368142931212
"239","OceanPout","Macrobenthos",0.839453941556669
"240","OtherPelagics","Megabenthos",1.55404448711352e-06
"241","OtherPelagics","LgCopepods",0.000147634226275784
"242","OtherPelagics","OtherCephalopods",0.00417865295423857
"243","OtherPelagics","Macrobenthos",0.0113697348109419
"244","OtherPelagics","Loligo",0.0249484575245107
"245","OtherPelagics","WinterFlounder",0.0265914278906091
"246","OtherPelagics","OceanPout",0.0296520321721743
"247","OtherPelagics","AtlMackerel",0.0320996522393781
"248","OtherPelagics","OtherDemersals",0.0653389371026395
"249","OtherPelagics","OtherPelagics",0.0674282635797588
"250","OtherPelagics","Butterfish",0.0769346990506515
"251","OtherPelagics","RedHake",0.0796214692972611
"252","OtherPelagics","SilverHake",0.110449395131351
"253","OtherPelagics","RiverHerring",0.116432466406738
"254","OtherPelagics","AtlHerring",0.168475689564073
"255","OtherPelagics","SmPelagics",0.186329934004911
"256","OtherSkates","YTFlounder",1.77444860867951e-05
"257","OtherSkates","LittleSkate",6.65418228254818e-05
"258","OtherSkates","GelZooplankton",0.00011712409355099
"259","OtherSkates","OtherPelagics",0.000513541558702839
"260","OtherSkates","AmLobster",0.00058261062651644
"261","OtherSkates","Mesopelagics",0.000629781385363837
"262","OtherSkates","LgCopepods",0.000891956436152085
"263","OtherSkates","AtlMackerel",0.00147870717389959
"264","OtherSkates","Windowpane",0.00199491040551545
"265","OtherSkates","Goosefish",0.00295741434779919
"266","OtherSkates","WitchFlounder",0.00464018311169693
"267","OtherSkates","Haddock",0.00591482869559838
"268","OtherSkates","Illex",0.00634822432547586
"269","OtherSkates","Loligo",0.00794469036158782
"270","OtherSkates","AmPlaice",0.00838194514833333
"271","OtherSkates","NShrimp",0.00895475490370116
"272","OtherSkates","RedHake",0.0192690331830856
"273","OtherSkates","Redfish",0.0209754612617657
"274","OtherSkates","OceanPout",0.0212590772977197
"275","OtherSkates","SmPelagics",0.024835827981118
"276","OtherSkates","OtherCephalopods",0.0418217829931971
"277","OtherSkates","SilverHake",0.0478672202474932
"278","OtherSkates","Megabenthos",0.0524860949199584
"279","OtherSkates","AtlHerring",0.0640145509517775
"280","OtherSkates","OtherShrimps",0.0881949538077218
"281","OtherSkates","OtherDemersals",0.154522802596879
"282","OtherSkates","Micronekton",0.163286109820487
"283","OtherSkates","Macrobenthos",0.25003212605599
"284","Pollock","SeaBirds",3.35449052411401e-07
"285","Pollock","WitchFlounder",0.0001265122140523
"286","Pollock","RedHake",0.000175711408405972
"287","Pollock","LgCopepods",0.000306218021984271
"288","Pollock","Haddock",0.000927117285807509
"289","Pollock","Megabenthos",0.00136276976230352
"290","Pollock","Redfish",0.00238424407442503
"291","Pollock","OtherDemersals",0.00281820333189458
"292","Pollock","NShrimp",0.00371460306875984
"293","Pollock","Butterfish",0.0043576429284681
"294","Pollock","OtherPelagics",0.00474420802696124
"295","Pollock","GelZooplankton",0.00511756282229513
"296","Pollock","OtherCephalopods",0.00597252661430538
"297","Pollock","Illex",0.00625532613925259
"298","Pollock","Mesopelagics",0.00790247682917897
"299","Pollock","Loligo",0.00889585328971994
"300","Pollock","Pollock",0.010640459916254
"301","Pollock","RiverHerring",0.0108036159458412
"302","Pollock","AtlMackerel",0.0175780894281114
"303","Pollock","Macrobenthos",0.0194050015146699
"304","Pollock","SmPelagics",0.0545405336414544
"305","Pollock","AtlHerring",0.0794918411628616
"306","Pollock","Micronekton",0.240921058258064
"307","Pollock","OtherShrimps",0.254594840351133
"308","Pollock","SilverHake",0.256963248514744
"309","RedHake","YTFlounder",5.55696885925843e-06
"310","RedHake","GelZooplankton",1.29985921267841e-05
"311","RedHake","SpinyDogfish",1.85232295308614e-05
"312","RedHake","Mesopelagics",3.8898782014809e-05
"313","RedHake","SeaBirds",7.40929181234457e-05
"314","RedHake","WitchFlounder",0.000150853181299335
"315","RedHake","AmPlaice",0.000338048938938221
"316","RedHake","SmFlatfishes",0.000343521711299612
"317","RedHake","Redfish",0.000598300313846824
"318","RedHake","Pollock",0.00064831303358015
"319","RedHake","AtlMackerel",0.00072664945519612
"320","RedHake","AmLobster",0.000894671986340607
"321","RedHake","Haddock",0.00106006758675163
"322","RedHake","Cod",0.00111139377185169
"323","RedHake","Illex",0.00148222882705953
"324","RedHake","LgCopepods",0.00388614156090554
"325","RedHake","OceanPout",0.00531616687535723
"326","RedHake","OtherPelagics",0.00589038699081393
"327","RedHake","RedHake",0.00759526503683442
"328","RedHake","NShrimp",0.00908621662107303
"329","RedHake","Loligo",0.0104841479144676
"330","RedHake","OtherCephalopods",0.011614031237251
"331","RedHake","SmPelagics",0.0318376258818472
"332","RedHake","AtlHerring",0.0398545806586014
"333","RedHake","Megabenthos",0.0448515724187684
"334","RedHake","OtherDemersals",0.0659286800969017
"335","RedHake","SilverHake",0.102131261235517
"336","RedHake","Macrobenthos",0.102897892576477
"337","RedHake","OtherShrimps",0.219723873274383
"338","RedHake","Micronekton",0.331398038323983
"339","Redfish","AmPlaice",7.9653761617816e-05
"340","Redfish","RedHake",0.000161924484602952
"341","Redfish","Mesopelagics",0.000269874141004921
"342","Redfish","OtherDemersals",0.000733239863106097
"343","Redfish","Redfish",0.0015111316295421
"344","Redfish","Megabenthos",0.00183448991849163
"345","Redfish","OtherCephalopods",0.00212300990923871
"346","Redfish","GelZooplankton",0.00468812272946912
"347","Redfish","LgCopepods",0.00657970002458799
"348","Redfish","NShrimp",0.0116480950459433
"349","Redfish","AtlHerring",0.0125941265802296
"350","Redfish","Macrobenthos",0.020311934925461
"351","Redfish","SilverHake",0.0950382854087835
"352","Redfish","OtherShrimps",0.183776939634111
"353","Redfish","Micronekton",0.658649471943811
"354","RiverHerring","Megabenthos",0.0134695107790674
"355","RiverHerring","GelZooplankton",0.0149584368911091
"356","RiverHerring","OtherShrimps",0.0151758464561417
"357","RiverHerring","Macrobenthos",0.150501376103724
"358","RiverHerring","LgCopepods",0.280330297834634
"359","RiverHerring","Micronekton",0.525564531935324
"360","SilverHake","WitchFlounder",1.43556803152774e-05
"361","SilverHake","WhiteHake",2.33279805123258e-05
"362","SilverHake","Mesopelagics",2.69169005911452e-05
"363","SilverHake","AmLobster",4.76429140463269e-05
"364","SilverHake","AmPlaice",7.17784015763871e-05
"365","SilverHake","GelZooplankton",7.17784015763871e-05
"366","SilverHake","BlackSeaBass",9.69008421281225e-05
"367","SilverHake","Cod",0.000118434362601039
"368","SilverHake","LgCopepods",0.000385921633190102
"369","SilverHake","RedHake",0.000715989555724461
"370","SilverHake","Haddock",0.00107667602364581
"371","SilverHake","Illex",0.00123817742719268
"372","SilverHake","Megabenthos",0.0013933199168908
"373","SilverHake","Redfish",0.00161052788537019
"374","SilverHake","NShrimp",0.00242578370782017
"375","SilverHake","OtherCephalopods",0.00407352216909848
"376","SilverHake","Loligo",0.00626878301494685
"377","SilverHake","OtherDemersals",0.00800006827300546
"378","SilverHake","Butterfish",0.00829919823626581
"379","SilverHake","RiverHerring",0.00918584094173814
"380","SilverHake","Macrobenthos",0.0110739277493677
"381","SilverHake","OtherPelagics",0.0265651864234209
"382","SilverHake","AtlMackerel",0.0384911678453376
"383","SilverHake","OtherShrimps",0.0892567129974378
"384","SilverHake","SmPelagics",0.13478437317757
"385","SilverHake","SilverHake",0.205981113745933
"386","SilverHake","AtlHerring",0.206911112074153
"387","SilverHake","Micronekton",0.241791461718544
"388","SmFlatfishes","Micronekton",0.32832583972494
"389","SmFlatfishes","Macrobenthos",0.67167416027506
"390","SmoothDogfish","OtherDemersals",0.00138312586445367
"391","SmoothDogfish","Loligo",0.00345781466113416
"392","SmoothDogfish","Butterfish",0.0532503457814661
"393","SmoothDogfish","SilverHake",0.0553250345781466
"394","SmoothDogfish","OtherCephalopods",0.0622406639004149
"395","SmoothDogfish","Macrobenthos",0.0802213001383126
"396","SmoothDogfish","AmLobster",0.167358229598893
"397","SmoothDogfish","Megabenthos",0.576763485477178
"398","SpinyDogfish","LgCopepods",3.91279249852428e-05
"399","SpinyDogfish","Mesopelagics",7.7718272983446e-05
"400","SpinyDogfish","Sharks",0.000168952767355317
"401","SpinyDogfish","Odontocetes",0.000253429151032976
"402","SpinyDogfish","OtherSkates",0.000371696088181699
"403","SpinyDogfish","WitchFlounder",0.000442233868552544
"404","SpinyDogfish","BlackSeaBass",0.000464620110227123
"405","SpinyDogfish","Windowpane",0.000844763836776587
"406","SpinyDogfish","WhiteHake",0.00126714575516488
"407","SpinyDogfish","SpinyDogfish",0.00131360776618759
"408","SpinyDogfish","Pollock",0.00135162213884254
"409","SpinyDogfish","YTFlounder",0.0019365980567966
"410","SpinyDogfish","Haddock",0.00200209029316051
"411","SpinyDogfish","Fourspot",0.00217695640737327
"412","SpinyDogfish","NShrimp",0.0024686840788972
"413","SpinyDogfish","Goosefish",0.0024861399716335
"414","SpinyDogfish","Cod",0.00439361671507503
"415","SpinyDogfish","WinterFlounder",0.00717626879341711
"416","SpinyDogfish","Redfish",0.00833612954131136
"417","SpinyDogfish","RedHake",0.00846875746368529
"418","SpinyDogfish","Illex",0.00895906607422166
"419","SpinyDogfish","RiverHerring",0.00918596196110861
"420","SpinyDogfish","OtherPelagics",0.00941911678005895
"421","SpinyDogfish","Butterfish",0.00949176647002174
"422","SpinyDogfish","AmLobster",0.0113481350013383
"423","SpinyDogfish","AmPlaice",0.0117544664068278
"424","SpinyDogfish","Loligo",0.0119929109833306
"425","SpinyDogfish","OceanPout",0.015442282936276
"426","SpinyDogfish","AtlMackerel",0.0168910529163479
"427","SpinyDogfish","OtherCephalopods",0.0176453732648907
"428","SpinyDogfish","Megabenthos",0.0184159130790996
"429","SpinyDogfish","OtherShrimps",0.0274920752477922
"430","SpinyDogfish","Macrobenthos",0.0389234813852032
"431","SpinyDogfish","SilverHake",0.0594037085257459
"432","SpinyDogfish","OtherDemersals",0.0660140615772681
"433","SpinyDogfish","Micronekton",0.0754906517881654
"434","SpinyDogfish","SmPelagics",0.139620155525664
"435","SpinyDogfish","AtlHerring",0.172104504433618
"436","SpinyDogfish","GelZooplankton",0.234365156641381
"437","SummerFlounder","OtherShrimps",0.00139009556907037
"438","SummerFlounder","Micronekton",0.00295395308427454
"439","SummerFlounder","Megabenthos",0.00781928757602085
"440","SummerFlounder","OtherCephalopods",0.0278019113814075
"441","SummerFlounder","OtherSkates",0.0477845351867941
"442","SummerFlounder","OtherDemersals",0.0634231103388358
"443","SummerFlounder","AtlMackerel",0.0868809730668983
"444","SummerFlounder","SmPelagics",0.10251954821894
"445","SummerFlounder","SilverHake",0.152910512597741
"446","SummerFlounder","Loligo",0.152910512597741
"447","SummerFlounder","OtherPelagics",0.173761946133797
"448","SummerFlounder","Butterfish",0.17984361424848
"449","WhiteHake","YTFlounder",1.06682411010211e-05
"450","WhiteHake","LgCopepods",2.09618468262348e-05
"451","WhiteHake","SmFlatfishes",7.31536532641445e-05
"452","WhiteHake","AmLobster",0.000331477491353155
"453","WhiteHake","OceanPout",0.00039015281740877
"454","WhiteHake","Mesopelagics",0.000428710888816747
"455","WhiteHake","Goosefish",0.000533412055051053
"456","WhiteHake","AmPlaice",0.000715811268161368
"457","WhiteHake","Loligo",0.000755124429361559
"458","WhiteHake","GelZooplankton",0.000895370235264268
"459","WhiteHake","WitchFlounder",0.00115693264654466
"460","WhiteHake","Pollock",0.00121922755440241
"461","WhiteHake","WinterFlounder",0.00195007134411521
"462","WhiteHake","Cod",0.00197248157785664
"463","WhiteHake","AtlMackerel",0.0036603912880582
"464","WhiteHake","OtherPelagics",0.00432673378368554
"465","WhiteHake","Macrobenthos",0.00550431107006942
"466","WhiteHake","Haddock",0.00723916360426429
"467","WhiteHake","NShrimp",0.00733510780713769
"468","WhiteHake","Megabenthos",0.00866813854638807
"469","WhiteHake","RiverHerring",0.0109044664396865
"470","WhiteHake","RedHake",0.0120154254788693
"471","WhiteHake","WhiteHake",0.0159669555604489
"472","WhiteHake","OtherCephalopods",0.0175979373193581
"473","WhiteHake","Illex",0.0227911384407421
"474","WhiteHake","Redfish",0.0254152916044834
"475","WhiteHake","OtherDemersals",0.0555972995016609
"476","WhiteHake","Micronekton",0.0747133712417731
"477","WhiteHake","OtherShrimps",0.0796025276996008
"478","WhiteHake","SmPelagics",0.114361930511922
"479","WhiteHake","AtlHerring",0.175057608759992
"480","WhiteHake","SilverHake",0.348788645292332
"481","Windowpane","OtherCephalopods",0.000820238523573044
"482","Windowpane","AtlHerring",0.000984286228287652
"483","Windowpane","NShrimp",0.00164047704714609
"484","Windowpane","Mesopelagics",0.00164047704714609
"485","Windowpane","OceanPout",0.00295285868486296
"486","Windowpane","SilverHake",0.00328095409429217
"487","Windowpane","LgCopepods",0.00612290161734036
"488","Windowpane","Macrobenthos",0.10303567891426
"489","Windowpane","SmPelagics",0.14272150310171
"490","Windowpane","OtherShrimps",0.187604955111627
"491","Windowpane","Micronekton",0.549195669629756
"492","WinterFlounder","AmLobster",0.00115786019909117
"493","WinterFlounder","OtherShrimps",0.00168179193917992
"494","WinterFlounder","SmPelagics",0.00353147360722806
"495","WinterFlounder","Micronekton",0.00407724680107239
"496","WinterFlounder","LgCopepods",0.00456775848541465
"497","WinterFlounder","Megabenthos",0.016246278548507
"498","WinterFlounder","OtherCephalopods",0.0164995078370491
"499","WinterFlounder","GelZooplankton",0.0291456779835265
"500","WinterFlounder","Macrobenthos",0.923092404598931
"501","WinterSkate","YTFlounder",9.58188335650956e-05
"502","WinterSkate","NShrimp",0.000294827180200294
"503","WinterSkate","WitchFlounder",0.000442240770300441
"504","WinterSkate","LgCopepods",0.000611766398915611
"505","WinterSkate","OceanPout",0.00108348988723608
"506","WinterSkate","OtherSkates",0.00147413590100147
"507","WinterSkate","RiverHerring",0.00176896308120177
"508","WinterSkate","AmPlaice",0.00249866035219749
"509","WinterSkate","AmLobster",0.00486464847330486
"510","WinterSkate","OtherCephalopods",0.00553752450593471
"511","WinterSkate","AtlMackerel",0.0303671995606303
"512","WinterSkate","Megabenthos",0.033549121902942
"513","WinterSkate","AtlHerring",0.0405387372775405
"514","WinterSkate","OtherDemersals",0.0439845299461314
"515","WinterSkate","SilverHake",0.046066746906296
"516","WinterSkate","Micronekton",0.0521674449313551
"517","WinterSkate","OtherShrimps",0.0589473122092178
"518","WinterSkate","Macrobenthos",0.329318532247697
"519","WinterSkate","SmPelagics",0.346388299634332
"520","WitchFlounder","LgCopepods",2.67914690035053e-05
"521","WitchFlounder","OtherCephalopods",0.000201247035672329
"522","WitchFlounder","GelZooplankton",0.00206680705635482
"523","WitchFlounder","OtherShrimps",0.00486798284106302
"524","WitchFlounder","Megabenthos",0.00495305545159723
"525","WitchFlounder","Micronekton",0.0263433796719513
"526","WitchFlounder","Macrobenthos",0.961540736474358
"527","YTFlounder","GelZooplankton",0.00259395694354468
"528","YTFlounder","OtherShrimps",0.00605256620160425
"529","YTFlounder","Megabenthos",0.0076757544102163
"530","YTFlounder","LgCopepods",0.00949152427069757
"531","YTFlounder","Micronekton",0.0125871224743988
"532","YTFlounder","SmPelagics",0.0618226404878148
"533","YTFlounder","Macrobenthos",0.899776435211724
"534","BaleenWhales","AmPlaice",0.00205403893242476
"535","BaleenWhales","Cusk",0.000866003702441794
"536","BaleenWhales","Fourspot",2.1758886996025e-05
"537","BaleenWhales","Haddock",0.00541796286201022
"538","BaleenWhales","LittleSkate",0.00023499597955707
"539","BaleenWhales","OceanPout",0.00016536754116979
"540","BaleenWhales","OtherDemersals",0.000948687473026689
"541","BaleenWhales","Redfish",0.00192348561044861
"542","BaleenWhales","RedHake",0.00181469117546848
"543","BaleenWhales","SmFlatfishes",0
"544","BaleenWhales","SummerFlounder",8.70355479840999e-06
"545","BaleenWhales","Windowpane",3.481421919364e-05
"546","BaleenWhales","WinterFlounder",0.00041777063032368
"547","BaleenWhales","WinterSkate",0.00053091684270301
"548","BaleenWhales","WitchFlounder",0.000735450380465645
"549","BaleenWhales","YTFlounder",0.000152312208972175
"550","BaleenWhales","Barndoor",0
"551","BaleenWhales","BlackSeaBass",2.18511397423191e-05
"552","BaleenWhales","OtherSkates",0.0110020488602577
"553","BaleenWhales","AtlHalibut",0.000377623480243161
"554","BaleenWhales","Cod",0.0493176265197568
"555","BaleenWhales","LgCopepods",0.153928
"556","BaleenWhales","Micronekton",0.5024855
"557","BaleenWhales","AtlHerring",0.123335273404255
"558","BaleenWhales","AtlMackerel",0.0247495531914894
"559","BaleenWhales","Butterfish",0.00701237340425532
"560","BaleenWhales","Mesopelagics",0.000519318012820513
"561","BaleenWhales","RiverHerring",0.0145409043589744
"562","BaleenWhales","SmPelagics",0.0659533876282051
"563","BaleenWhales","Illex",0.02836121176781
"564","BaleenWhales","Loligo",0.00306831823218997
"565","BaleenWhales","OtherCephalopods",0
"566","Odontocetes","Bacteria",0
"567","Odontocetes","BaleenWhales",0
"568","Odontocetes","AmPlaice",0.0149346187393526
"569","Odontocetes","Cusk",0.00629658713798978
"570","Odontocetes","Fourspot",0.000158205706984668
"571","Odontocetes","Haddock",0.0393932210391823
"572","Odontocetes","LittleSkate",0.00170862163543441
"573","Odontocetes","OceanPout",0.00120236337308348
"574","Odontocetes","OtherDemersals",0.00689776882453152
"575","Odontocetes","Redfish",0.0139853844974446
"576","Odontocetes","RedHake",0.0131943559625213
"577","Odontocetes","SmFlatfishes",0
"578","Odontocetes","SummerFlounder",6.32822827938671e-05
"579","Odontocetes","Windowpane",0.000253129131175468
"580","Odontocetes","WinterFlounder",0.00303754957410562
"581","Odontocetes","WinterSkate",0.00386021925042589
"582","Odontocetes","WitchFlounder",0.00534735289608177
"583","Odontocetes","YTFlounder",0.00110743994889267
"584","Odontocetes","Barndoor",0
"585","Odontocetes","BlackSeaBass",9.0498592666006e-05
"586","Odontocetes","OtherSkates",0.045566041407334
"587","Odontocetes","AtlHalibut",0.0013472537993921
"588","Odontocetes","Cod",0.175951346200608
"589","Odontocetes","Detritus",0
"590","Odontocetes","Discard",0
"591","Odontocetes","GelZooplankton",0
"592","Odontocetes","HMS",0
"593","Odontocetes","LgCopepods",0
"594","Odontocetes","Micronekton",0.000274618
"595","Odontocetes","Macrobenthos",0.005182796
"596","Odontocetes","OtherPelagics",0
"597","Odontocetes","AtlScallop",0
"598","Odontocetes","Megabenthos",0
"599","Odontocetes","AmLobster",0
"600","Odontocetes","Microzooplankton",0
"601","Odontocetes","Odontocetes",0
"602","Odontocetes","Phytoplankton",0
"603","Odontocetes","Pinnipeds",0
"604","Odontocetes","SeaBirds",0
"605","Odontocetes","Sharks",0
"606","Odontocetes","NShrimp",8.23854e-05
"607","Odontocetes","OtherShrimps",0.0001922326
"608","Odontocetes","SmCopepods",0
"609","Odontocetes","SmPelagics",0.053599283525641
"610","Odontocetes","AtlHerring",0.181954143882979
"611","Odontocetes","AtlMackerel",0.0365125372340426
"612","Odontocetes","Butterfish",0.0103452188829787
"613","Odontocetes","Mesopelagics",0.000422041602564103
"614","Odontocetes","RiverHerring",0.0118171648717949
"615","Odontocetes","Illex",0.329567352506596
"616","Odontocetes","Loligo",0.0356549474934037
"617","Odontocetes","OtherCephalopods",0
"618","SeaBirds","Bacteria",0
"619","SeaBirds","BaleenWhales",0
"620","SeaBirds","AmPlaice",0.00268029528676888
"621","SeaBirds","Cusk",0.00113003975014196
"622","SeaBirds","Fourspot",2.83929585462805e-05
"623","SeaBirds","Haddock",0.00706984667802385
"624","SeaBirds","LittleSkate",0.00030664395229983
"625","SeaBirds","OceanPout",0.000215786484951732
"626","SeaBirds","OtherDemersals",0.00123793299261783
"627","SeaBirds","Redfish",0.0025099375354912
"628","SeaBirds","RedHake",0.0023679727427598
"629","SeaBirds","SmFlatfishes",0
"630","SeaBirds","SummerFlounder",1.13571834185122e-05
"631","SeaBirds","Windowpane",4.54287336740488e-05
"632","SeaBirds","WinterFlounder",0.000545144804088586
"633","SeaBirds","WinterSkate",0.000692788188529245
"634","SeaBirds","WitchFlounder",0.000959681998864282
"635","SeaBirds","YTFlounder",0.000198750709823964
"636","SeaBirds","Barndoor",0
"637","SeaBirds","BlackSeaBass",2.62164122893954e-05
"638","SeaBirds","OtherSkates",0.0131999635877106
"639","SeaBirds","AtlHalibut",0.000217037310030395
"640","SeaBirds","Cod",0.0283450726899696
"641","SeaBirds","Detritus",0
"642","SeaBirds","Discard",0.0091007
"643","SeaBirds","GelZooplankton",0
"644","SeaBirds","HMS",0
"645","SeaBirds","LgCopepods",0.03427451
"646","SeaBirds","Micronekton",0.2405256
"647","SeaBirds","Macrobenthos",0
"648","SeaBirds","OtherPelagics",0.000353094
"649","SeaBirds","AtlScallop",0
"650","SeaBirds","Megabenthos",0
"651","SeaBirds","AmLobster",0
"652","SeaBirds","Microzooplankton",0
"653","SeaBirds","Odontocetes",0
"654","SeaBirds","Phytoplankton",0
"655","SeaBirds","Pinnipeds",0
"656","SeaBirds","SeaBirds",0
"657","SeaBirds","Sharks",0
"658","SeaBirds","NShrimp",0.006471918
"659","SeaBirds","OtherShrimps",0.015101142
"660","SeaBirds","SmCopepods",0
"661","SeaBirds","SmPelagics",0.23875322
"662","SeaBirds","AtlHerring",0.248025509840426
"663","SeaBirds","AtlMackerel",0.0497710053191489
"664","SeaBirds","Butterfish",0.0141017848404255
"665","SeaBirds","Mesopelagics",0.00172105
"666","SeaBirds","RiverHerring",0.0481894
"667","SeaBirds","Illex",0.0287159262269129
"668","SeaBirds","Loligo",0.00310669377308707
"669","SeaBirds","OtherCephalopods",0
"670","Pinnipeds","Bacteria",0
"671","Pinnipeds","BaleenWhales",0
"672","Pinnipeds","AmPlaice",0.0337179806927882
"673","Pinnipeds","Cusk",0.0142158435547984
"674","Pinnipeds","Fourspot",0.000357181998864282
"675","Pinnipeds","Haddock",0.0889383177172061
"676","Pinnipeds","LittleSkate",0.00385756558773424
"677","Pinnipeds","OceanPout",0.00271458319136854
"678","Pinnipeds","OtherDemersals",0.0155731351504827
"679","Pinnipeds","Redfish",0.0315748886996025
"680","Pinnipeds","RedHake",0.0297889787052811
"681","Pinnipeds","SmFlatfishes",0
"682","Pinnipeds","SummerFlounder",0.000142872799545713
"683","Pinnipeds","Windowpane",0.000571491198182851
"684","Pinnipeds","WinterFlounder",0.00685789437819421
"685","Pinnipeds","WinterSkate",0.00871524077228847
"686","Pinnipeds","WitchFlounder",0.0120727515616127
"687","Pinnipeds","YTFlounder",0.00250027399204997
"688","Pinnipeds","Barndoor",0
"689","Pinnipeds","BlackSeaBass",4.85604360753221e-05
"690","Pinnipeds","OtherSkates",0.0244501795639247
"691","Pinnipeds","AtlHalibut",0.00188912917933131
"692","Pinnipeds","Cod",0.246720270820669
"693","Pinnipeds","Detritus",0
"694","Pinnipeds","Discard",0
"695","Pinnipeds","GelZooplankton",0
"696","Pinnipeds","HMS",0
"697","Pinnipeds","LgCopepods",0
"698","Pinnipeds","Micronekton",0.00313569
"699","Pinnipeds","Macrobenthos",0.010824104
"700","Pinnipeds","OtherPelagics",0
"701","Pinnipeds","AtlScallop",0
"702","Pinnipeds","Megabenthos",0
"703","Pinnipeds","AmLobster",0
"704","Pinnipeds","Microzooplankton",0
"705","Pinnipeds","Odontocetes",0
"706","Pinnipeds","Phytoplankton",0
"707","Pinnipeds","Pinnipeds",0
"708","Pinnipeds","SeaBirds",0
"709","Pinnipeds","Sharks",0
"710","Pinnipeds","NShrimp",0.000940707
"711","Pinnipeds","OtherShrimps",0.002194983
"712","Pinnipeds","SmCopepods",0
"713","Pinnipeds","SmPelagics",0.208860455128205
"714","Pinnipeds","AtlHerring",0.108129930585106
"715","Pinnipeds","AtlMackerel",0.0216983138297872
"716","Pinnipeds","Butterfish",0.00614785558510638
"717","Pinnipeds","Mesopelagics",0.00164457051282051
"718","Pinnipeds","RiverHerring",0.0460479743589744
"719","Pinnipeds","Illex",0.059257401530343
"720","Pinnipeds","Loligo",0.00641088846965699
"721","Pinnipeds","OtherCephalopods",0
"722","HMS","Bacteria",0
"723","HMS","BaleenWhales",0
"724","HMS","AmPlaice",0
"725","HMS","Cusk",0
"726","HMS","Fourspot",0
"727","HMS","Haddock",0
"728","HMS","LittleSkate",0
"729","HMS","OceanPout",0
"730","HMS","OtherDemersals",0
"731","HMS","Redfish",0
"732","HMS","RedHake",0
"733","HMS","SmFlatfishes",0
"734","HMS","SummerFlounder",0
"735","HMS","Windowpane",0
"736","HMS","WinterFlounder",0
"737","HMS","WinterSkate",0
"738","HMS","WitchFlounder",0
"739","HMS","YTFlounder",0
"740","HMS","Barndoor",0
"741","HMS","BlackSeaBass",0
"742","HMS","OtherSkates",0
"743","HMS","AtlHalibut",0
"744","HMS","Cod",0
"745","HMS","Detritus",0
"746","HMS","Discard",0
"747","HMS","GelZooplankton",0.09437622
"748","HMS","HMS",0
"749","HMS","LgCopepods",0
"750","HMS","Micronekton",0
"751","HMS","Macrobenthos",0
"752","HMS","OtherPelagics",0
"753","HMS","AtlScallop",0
"754","HMS","Megabenthos",0
"755","HMS","AmLobster",0
"756","HMS","Microzooplankton",0
"757","HMS","Odontocetes",0
"758","HMS","Phytoplankton",0
"759","HMS","Pinnipeds",0
"760","HMS","SeaBirds",0
"761","HMS","Sharks",0
"762","HMS","NShrimp",0
"763","HMS","OtherShrimps",0
"764","HMS","SmCopepods",0
"765","HMS","SmPelagics",0.570386226282051
"766","HMS","AtlHerring",0.143289467819149
"767","HMS","AtlMackerel",0.0287537393617021
"768","HMS","Butterfish",0.00814689281914894
"769","HMS","Mesopelagics",0.00449123012820513
"770","HMS","RiverHerring",0.125754443589744
"771","HMS","Illex",0.0223804619525066
"772","HMS","Loligo",0.0024212780474934
"773","HMS","OtherCephalopods",0
"774","Sharks","Bacteria",0
"775","Sharks","BaleenWhales",0.01113548
"776","Sharks","AmPlaice",0.00746159498012493
"777","Sharks","Cusk",0.00314588432424759
"778","Sharks","Fourspot",7.90423197047132e-05
"779","Sharks","Haddock",0.0196815376064736
"780","Sharks","LittleSkate",0.000853657052810903
"781","Sharks","OceanPout",0.000600721629755821
"782","Sharks","OtherDemersals",0.0034462451391255
"783","Sharks","Redfish",0.00698734106189665
"784","Sharks","RedHake",0.00659212946337308
"785","Sharks","SmFlatfishes",0
"786","Sharks","SummerFlounder",3.16169278818853e-05
"787","Sharks","Windowpane",0.000126467711527541
"788","Sharks","WinterFlounder",0.00151761253833049
"789","Sharks","WinterSkate",0.001928632600795
"790","Sharks","WitchFlounder",0.00267163040601931
"791","Sharks","YTFlounder",0.000553296237932993
"792","Sharks","Barndoor",0
"793","Sharks","BlackSeaBass",0.000176578513379584
"794","Sharks","OtherSkates",0.0889072814866204
"795","Sharks","AtlHalibut",0.000592312917933131
"796","Sharks","Cod",0.0773560670820669
"797","Sharks","Detritus",0.05567741
"798","Sharks","Discard",0
"799","Sharks","GelZooplankton",0
"800","Sharks","HMS",0.01113548
"801","Sharks","LgCopepods",0.03340645
"802","Sharks","Micronekton",0
"803","Sharks","Macrobenthos",0.02227096
"804","Sharks","OtherPelagics",0.031213
"805","Sharks","AtlScallop",0
"806","Sharks","Megabenthos",0
"807","Sharks","AmLobster",0
"808","Sharks","Microzooplankton",0
"809","Sharks","Odontocetes",0.02227096
"810","Sharks","Phytoplankton",0
"811","Sharks","Pinnipeds",0.03340645
"812","Sharks","SeaBirds",0.03340645
"813","Sharks","Sharks",0.03340645
"814","Sharks","NShrimp",0
"815","Sharks","OtherShrimps",0
"816","Sharks","SmCopepods",0
"817","Sharks","SmPelagics",0.0675980822435897
"818","Sharks","AtlHerring",0.185956608776596
"819","Sharks","AtlMackerel",0.0373157074468085
"820","Sharks","Butterfish",0.0105727837765957
"821","Sharks","Mesopelagics",0.000356906474358974
"822","Sharks","RiverHerring",0.00999338128205128
"823","Sharks","Illex",0.160774019525066
"824","Sharks","Loligo",0.017393680474934
"825","Sharks","OtherCephalopods",0
"826","OtherShrimps","Bacteria",0.4473137
"827","OtherShrimps","BaleenWhales",0
"828","OtherShrimps","AmPlaice",0
"829","OtherShrimps","Cusk",0
"830","OtherShrimps","Fourspot",0
"831","OtherShrimps","Haddock",0
"832","OtherShrimps","LittleSkate",0
"833","OtherShrimps","OceanPout",0
"834","OtherShrimps","OtherDemersals",0
"835","OtherShrimps","Redfish",0
"836","OtherShrimps","RedHake",0
"837","OtherShrimps","SmFlatfishes",0
"838","OtherShrimps","SummerFlounder",0
"839","OtherShrimps","Windowpane",0
"840","OtherShrimps","WinterFlounder",0
"841","OtherShrimps","WinterSkate",0
"842","OtherShrimps","WitchFlounder",0
"843","OtherShrimps","YTFlounder",0
"844","OtherShrimps","Barndoor",0
"845","OtherShrimps","BlackSeaBass",0
"846","OtherShrimps","OtherSkates",0
"847","OtherShrimps","AtlHalibut",0
"848","OtherShrimps","Cod",0
"849","OtherShrimps","Detritus",0.21198369
"850","OtherShrimps","Discard",0
"851","OtherShrimps","GelZooplankton",0
"852","OtherShrimps","HMS",0
"853","OtherShrimps","LgCopepods",0
"854","OtherShrimps","Micronekton",0.1509684
"855","OtherShrimps","Macrobenthos",0.112991654
"856","OtherShrimps","OtherPelagics",0
"857","OtherShrimps","AtlScallop",0
"858","OtherShrimps","Megabenthos",0
"859","OtherShrimps","AmLobster",0
"860","OtherShrimps","Microzooplankton",0
"861","OtherShrimps","Odontocetes",0
"862","OtherShrimps","Phytoplankton",0.07548419
"863","OtherShrimps","Pinnipeds",0
"864","OtherShrimps","SeaBirds",0
"865","OtherShrimps","Sharks",0
"866","OtherShrimps","NShrimp",0.0003775146
"867","OtherShrimps","OtherShrimps",0.0008808674
"868","OtherShrimps","SmCopepods",0
"869","OtherShrimps","SmPelagics",0
"870","OtherShrimps","AtlHerring",0
"871","OtherShrimps","AtlMackerel",0
"872","OtherShrimps","Butterfish",0
"873","OtherShrimps","Mesopelagics",0
"874","OtherShrimps","RiverHerring",0
"875","OtherShrimps","Illex",0
"876","OtherShrimps","Loligo",0
"877","OtherShrimps","OtherCephalopods",0
"878","NShrimp","Bacteria",0.4473137
"879","NShrimp","BaleenWhales",0
"880","NShrimp","AmPlaice",0
"881","NShrimp","Cusk",0
"882","NShrimp","Fourspot",0
"883","NShrimp","Haddock",0
"884","NShrimp","LittleSkate",0
"885","NShrimp","OceanPout",0
"886","NShrimp","OtherDemersals",0
"887","NShrimp","Redfish",0
"888","NShrimp","RedHake",0
"889","NShrimp","SmFlatfishes",0
"890","NShrimp","SummerFlounder",0
"891","NShrimp","Windowpane",0
"892","NShrimp","WinterFlounder",0
"893","NShrimp","WinterSkate",0
"894","NShrimp","WitchFlounder",0
"895","NShrimp","YTFlounder",0
"896","NShrimp","Barndoor",0
"897","NShrimp","BlackSeaBass",0
"898","NShrimp","OtherSkates",0
"899","NShrimp","AtlHalibut",0
"900","NShrimp","Cod",0
"901","NShrimp","Detritus",0.21198369
"902","NShrimp","Discard",0
"903","NShrimp","GelZooplankton",0
"904","NShrimp","HMS",0
"905","NShrimp","LgCopepods",0
"906","NShrimp","Micronekton",0.1509684
"907","NShrimp","Macrobenthos",0.112991654
"908","NShrimp","OtherPelagics",0
"909","NShrimp","AtlScallop",0
"910","NShrimp","Megabenthos",0
"911","NShrimp","AmLobster",0
"912","NShrimp","Microzooplankton",0
"913","NShrimp","Odontocetes",0
"914","NShrimp","Phytoplankton",0.07548419
"915","NShrimp","Pinnipeds",0
"916","NShrimp","SeaBirds",0
"917","NShrimp","Sharks",0
"918","NShrimp","NShrimp",0.0003775146
"919","NShrimp","OtherShrimps",0.0008808674
"920","NShrimp","SmCopepods",0
"921","NShrimp","SmPelagics",0
"922","NShrimp","AtlHerring",0
"923","NShrimp","AtlMackerel",0
"924","NShrimp","Butterfish",0
"925","NShrimp","Mesopelagics",0
"926","NShrimp","RiverHerring",0
"927","NShrimp","Illex",0
"928","NShrimp","Loligo",0
"929","NShrimp","OtherCephalopods",0
"930","GelZooplankton","Bacteria",0.02000673
"931","GelZooplankton","BaleenWhales",0
"932","GelZooplankton","AmPlaice",0
"933","GelZooplankton","Cusk",0
"934","GelZooplankton","Fourspot",0
"935","GelZooplankton","Haddock",0
"936","GelZooplankton","LittleSkate",0
"937","GelZooplankton","OceanPout",0
"938","GelZooplankton","OtherDemersals",0
"939","GelZooplankton","Redfish",0
"940","GelZooplankton","RedHake",0
"941","GelZooplankton","SmFlatfishes",0
"942","GelZooplankton","SummerFlounder",0
"943","GelZooplankton","Windowpane",0
"944","GelZooplankton","WinterFlounder",0
"945","GelZooplankton","WinterSkate",0
"946","GelZooplankton","WitchFlounder",0
"947","GelZooplankton","YTFlounder",0
"948","GelZooplankton","Barndoor",0
"949","GelZooplankton","BlackSeaBass",0
"950","GelZooplankton","OtherSkates",0
"951","GelZooplankton","AtlHalibut",0
"952","GelZooplankton","Cod",0
"953","GelZooplankton","Detritus",0.1000336
"954","GelZooplankton","Discard",0
"955","GelZooplankton","GelZooplankton",0.04867304
"956","GelZooplankton","HMS",0
"957","GelZooplankton","LgCopepods",0.3601212
"958","GelZooplankton","Micronekton",0.004059562
"959","GelZooplankton","Macrobenthos",0
"960","GelZooplankton","OtherPelagics",0
"961","GelZooplankton","AtlScallop",0
"962","GelZooplankton","Megabenthos",0
"963","GelZooplankton","AmLobster",0
"964","GelZooplankton","Microzooplankton",0.05001682
"965","GelZooplankton","Odontocetes",0
"966","GelZooplankton","Phytoplankton",0.08602893
"967","GelZooplankton","Pinnipeds",0
"968","GelZooplankton","SeaBirds",0
"969","GelZooplankton","Sharks",0
"970","GelZooplankton","NShrimp",0
"971","GelZooplankton","OtherShrimps",0
"972","GelZooplankton","SmCopepods",0.3301111
"973","GelZooplankton","SmPelagics",0.000414036884615385
"974","GelZooplankton","AtlHerring",0.000285108428191489
"975","GelZooplankton","AtlMackerel",5.72123936170213e-05
"976","GelZooplankton","Butterfish",1.62101781914894e-05
"977","GelZooplankton","Mesopelagics",2.91603846153846e-06
"978","GelZooplankton","RiverHerring",8.16490769230769e-05
"979","GelZooplankton","Illex",8.28379947229551e-05
"980","GelZooplankton","Loligo",8.96200527704485e-06
"981","GelZooplankton","OtherCephalopods",0
"982","Microzooplankton","Bacteria",0.1971663
"983","Microzooplankton","BaleenWhales",0
"984","Microzooplankton","AmPlaice",0
"985","Microzooplankton","Cusk",0
"986","Microzooplankton","Fourspot",0
"987","Microzooplankton","Haddock",0
"988","Microzooplankton","LittleSkate",0
"989","Microzooplankton","OceanPout",0
"990","Microzooplankton","OtherDemersals",0
"991","Microzooplankton","Redfish",0
"992","Microzooplankton","RedHake",0
"993","Microzooplankton","SmFlatfishes",0
"994","Microzooplankton","SummerFlounder",0
"995","Microzooplankton","Windowpane",0
"996","Microzooplankton","WinterFlounder",0
"997","Microzooplankton","WinterSkate",0
"998","Microzooplankton","WitchFlounder",0
"999","Microzooplankton","YTFlounder",0
"1000","Microzooplankton","Barndoor",0
"1001","Microzooplankton","BlackSeaBass",0
"1002","Microzooplankton","OtherSkates",0
"1003","Microzooplankton","AtlHalibut",0
"1004","Microzooplankton","Cod",0
"1005","Microzooplankton","Detritus",0.4940658
"1006","Microzooplankton","Discard",0
"1007","Microzooplankton","GelZooplankton",0
"1008","Microzooplankton","HMS",0
"1009","Microzooplankton","LgCopepods",0
"1010","Microzooplankton","Micronekton",0
"1011","Microzooplankton","Macrobenthos",0
"1012","Microzooplankton","OtherPelagics",0
"1013","Microzooplankton","AtlScallop",0
"1014","Microzooplankton","Megabenthos",0
"1015","Microzooplankton","AmLobster",0
"1016","Microzooplankton","Microzooplankton",0.09702543
"1017","Microzooplankton","Odontocetes",0
"1018","Microzooplankton","Phytoplankton",0.2117425
"1019","Microzooplankton","Pinnipeds",0
"1020","Microzooplankton","SeaBirds",0
"1021","Microzooplankton","Sharks",0
"1022","Microzooplankton","NShrimp",0
"1023","Microzooplankton","OtherShrimps",0
"1024","Microzooplankton","SmCopepods",0
"1025","Microzooplankton","SmPelagics",0
"1026","Microzooplankton","AtlHerring",0
"1027","Microzooplankton","AtlMackerel",0
"1028","Microzooplankton","Butterfish",0
"1029","Microzooplankton","Mesopelagics",0
"1030","Microzooplankton","RiverHerring",0
"1031","Microzooplankton","Illex",0
"1032","Microzooplankton","Loligo",0
"1033","Microzooplankton","OtherCephalopods",0
"1034","Micronekton","Bacteria",0
"1035","Micronekton","BaleenWhales",0
"1036","Micronekton","AmPlaice",0
"1037","Micronekton","Cusk",0
"1038","Micronekton","Fourspot",0
"1039","Micronekton","Haddock",0
"1040","Micronekton","LittleSkate",0
"1041","Micronekton","OceanPout",0
"1042","Micronekton","OtherDemersals",0
"1043","Micronekton","Redfish",0
"1044","Micronekton","RedHake",0
"1045","Micronekton","SmFlatfishes",0
"1046","Micronekton","SummerFlounder",0
"1047","Micronekton","Windowpane",0
"1048","Micronekton","WinterFlounder",0
"1049","Micronekton","WinterSkate",0
"1050","Micronekton","WitchFlounder",0
"1051","Micronekton","YTFlounder",0
"1052","Micronekton","Barndoor",0
"1053","Micronekton","BlackSeaBass",0
"1054","Micronekton","OtherSkates",0
"1055","Micronekton","AtlHalibut",0
"1056","Micronekton","Cod",0
"1057","Micronekton","Detritus",0.184
"1058","Micronekton","Discard",0
"1059","Micronekton","GelZooplankton",0
"1060","Micronekton","HMS",0
"1061","Micronekton","LgCopepods",0.3664
"1062","Micronekton","Micronekton",0.0464
"1063","Micronekton","Macrobenthos",0
"1064","Micronekton","OtherPelagics",0
"1065","Micronekton","AtlScallop",0
"1066","Micronekton","Megabenthos",0
"1067","Micronekton","AmLobster",0
"1068","Micronekton","Microzooplankton",0
"1069","Micronekton","Odontocetes",0
"1070","Micronekton","Phytoplankton",0.1824
"1071","Micronekton","Pinnipeds",0
"1072","Micronekton","SeaBirds",0
"1073","Micronekton","Sharks",0
"1074","Micronekton","NShrimp",0
"1075","Micronekton","OtherShrimps",0
"1076","Micronekton","SmCopepods",0.2208001
"1077","Micronekton","SmPelagics",0
"1078","Micronekton","AtlHerring",0
"1079","Micronekton","AtlMackerel",0
"1080","Micronekton","Butterfish",0
"1081","Micronekton","Mesopelagics",0
"1082","Micronekton","RiverHerring",0
"1083","Micronekton","Illex",0
"1084","Micronekton","Loligo",0
"1085","Micronekton","OtherCephalopods",0
"1086","OtherDemersals","Bacteria",0
"1087","OtherDemersals","BaleenWhales",0
"1088","OtherDemersals","AmPlaice",0.00499735159568427
"1089","OtherDemersals","Cusk",0.00210693425326519
"1090","OtherDemersals","Fourspot",5.2938046564452e-05
"1091","OtherDemersals","Haddock",0.0131815735945486
"1092","OtherDemersals","LittleSkate",0.000571730902896082
"1093","OtherDemersals","OceanPout",0.000402329153889835
"1094","OtherDemersals","OtherDemersals",0.00230809883021011
"1095","OtherDemersals","Redfish",0.00467972331629756
"1096","OtherDemersals","RedHake",0.0044150330834753
"1097","OtherDemersals","SmFlatfishes",0
"1098","OtherDemersals","SummerFlounder",2.11752186257808e-05
"1099","OtherDemersals","Windowpane",8.47008745031232e-05
"1100","OtherDemersals","WinterFlounder",0.00101641049403748
"1101","OtherDemersals","WinterSkate",0.00129168833617263
"1102","OtherDemersals","WitchFlounder",0.00178930597387848
"1103","OtherDemersals","YTFlounder",0.000370566325951164
"1104","OtherDemersals","Barndoor",0
"1105","OtherDemersals","BlackSeaBass",1.19860396432111e-05
"1106","OtherDemersals","OtherSkates",0.00603497096035679
"1107","OtherDemersals","AtlHalibut",3.06330167173252e-05
"1108","OtherDemersals","Cod",0.00400067198328267
"1109","OtherDemersals","Detritus",0.02418782
"1110","OtherDemersals","Discard",0
"1111","OtherDemersals","GelZooplankton",0.008961361
"1112","OtherDemersals","HMS",0
"1113","OtherDemersals","LgCopepods",0
"1114","OtherDemersals","Micronekton",0.06147739
"1115","OtherDemersals","Macrobenthos",0.6389618
"1116","OtherDemersals","OtherPelagics",0
"1117","OtherDemersals","AtlScallop",0.000673517721431052
"1118","OtherDemersals","Megabenthos",0.145236998988983
"1119","OtherDemersals","AmLobster",0.00223993328958631
"1120","OtherDemersals","Microzooplankton",0
"1121","OtherDemersals","Odontocetes",0
"1122","OtherDemersals","Phytoplankton",0
"1123","OtherDemersals","Pinnipeds",0
"1124","OtherDemersals","SeaBirds",0
"1125","OtherDemersals","Sharks",0
"1126","OtherDemersals","NShrimp",0.005088267
"1127","OtherDemersals","OtherShrimps",0.011872623
"1128","OtherDemersals","SmCopepods",0
"1129","OtherDemersals","SmPelagics",0.00164094746153846
"1130","OtherDemersals","AtlHerring",0.0384010471276596
"1131","OtherDemersals","AtlMackerel",0.00770589574468085
"1132","OtherDemersals","Butterfish",0.00218333712765957
"1133","OtherDemersals","Mesopelagics",1.29208461538462e-05
"1134","OtherDemersals","RiverHerring",0.000361783692307692
"1135","OtherDemersals","Illex",0.00327264402110818
"1136","OtherDemersals","Loligo",0.000354057978891821
"1137","OtherDemersals","OtherCephalopods",0
"1138","AmLobster","Bacteria",0.1418395
"1139","AmLobster","BaleenWhales",0
"1140","AmLobster","AmPlaice",0.00038850049290176
"1141","AmLobster","Cusk",0.000163795758659852
"1142","AmLobster","Fourspot",4.11547132311187e-06
"1143","AmLobster","Haddock",0.00102475235945486
"1144","AmLobster","LittleSkate",4.44470902896082e-05
"1145","AmLobster","OceanPout",3.12775820556502e-05
"1146","AmLobster","OtherDemersals",0.000179434549687677
"1147","AmLobster","Redfish",0.000363807664963089
"1148","AmLobster","RedHake",0.00034323030834753
"1149","AmLobster","SmFlatfishes",0
"1150","AmLobster","SummerFlounder",1.64618852924475e-06
"1151","AmLobster","Windowpane",6.58475411697899e-06
"1152","AmLobster","WinterFlounder",7.90170494037479e-05
"1153","AmLobster","WinterSkate",0.00010041750028393
"1154","AmLobster","WitchFlounder",0.000139102930721181
"1155","AmLobster","YTFlounder",2.88082992617831e-05
"1156","AmLobster","Barndoor",0
"1157","AmLobster","BlackSeaBass",1.71185926660059e-06
"1158","AmLobster","OtherSkates",0.000861921140733399
"1159","AmLobster","AtlHalibut",1.25876595744681e-05
"1160","AmLobster","Cod",0.00164394834042553
"1161","AmLobster","Detritus",0.18084539
"1162","AmLobster","Discard",0
"1163","AmLobster","GelZooplankton",0
"1164","AmLobster","HMS",0
"1165","AmLobster","LgCopepods",0
"1166","AmLobster","Micronekton",0
"1167","AmLobster","Macrobenthos",0.62061137
"1168","AmLobster","OtherPelagics",0
"1169","AmLobster","AtlScallop",0.000125196587704064
"1170","AmLobster","Megabenthos",0.0501873318516683
"1171","AmLobster","AmLobster",0.000971899560627675
"1172","AmLobster","Microzooplankton",0
"1173","AmLobster","Odontocetes",0
"1174","AmLobster","Phytoplankton",0
"1175","AmLobster","Pinnipeds",0
"1176","AmLobster","SeaBirds",0
"1177","AmLobster","Sharks",0
"1178","AmLobster","NShrimp",0
"1179","AmLobster","OtherShrimps",0
"1180","AmLobster","SmCopepods",0
"1181","AmLobster","SmPelagics",0
"1182","AmLobster","AtlHerring",0
"1183","AmLobster","AtlMackerel",0
"1184","AmLobster","Butterfish",0
"1185","AmLobster","Mesopelagics",0
"1186","AmLobster","RiverHerring",0
"1187","AmLobster","Illex",0
"1188","AmLobster","Loligo",0
"1189","AmLobster","OtherCephalopods",0
"1190","AtlScallop","Bacteria",0.1188099
"1191","AtlScallop","BaleenWhales",0
"1192","AtlScallop","AmPlaice",0
"1193","AtlScallop","Cusk",0
"1194","AtlScallop","Fourspot",0
"1195","AtlScallop","Haddock",0
"1196","AtlScallop","LittleSkate",0
"1197","AtlScallop","OceanPout",0
"1198","AtlScallop","OtherDemersals",0
"1199","AtlScallop","Redfish",0
"1200","AtlScallop","RedHake",0
"1201","AtlScallop","SmFlatfishes",0
"1202","AtlScallop","SummerFlounder",0
"1203","AtlScallop","Windowpane",0
"1204","AtlScallop","WinterFlounder",0
"1205","AtlScallop","WinterSkate",0
"1206","AtlScallop","WitchFlounder",0
"1207","AtlScallop","YTFlounder",0
"1208","AtlScallop","Barndoor",0
"1209","AtlScallop","BlackSeaBass",0
"1210","AtlScallop","OtherSkates",0
"1211","AtlScallop","AtlHalibut",0
"1212","AtlScallop","Cod",0
"1213","AtlScallop","Detritus",0.0902
"1214","AtlScallop","Discard",0
"1215","AtlScallop","GelZooplankton",0
"1216","AtlScallop","HMS",0
"1217","AtlScallop","LgCopepods",0
"1218","AtlScallop","Micronekton",0
"1219","AtlScallop","Macrobenthos",0
"1220","AtlScallop","OtherPelagics",0
"1221","AtlScallop","AtlScallop",0
"1222","AtlScallop","Megabenthos",0
"1223","AtlScallop","AmLobster",0
"1224","AtlScallop","Microzooplankton",0
"1225","AtlScallop","Odontocetes",0
"1226","AtlScallop","Phytoplankton",0.7909901
"1227","AtlScallop","Pinnipeds",0
"1228","AtlScallop","SeaBirds",0
"1229","AtlScallop","Sharks",0
"1230","AtlScallop","NShrimp",0
"1231","AtlScallop","OtherShrimps",0
"1232","AtlScallop","SmCopepods",0
"1233","AtlScallop","SmPelagics",0
"1234","AtlScallop","AtlHerring",0
"1235","AtlScallop","AtlMackerel",0
"1236","AtlScallop","Butterfish",0
"1237","AtlScallop","Mesopelagics",0
"1238","AtlScallop","RiverHerring",0
"1239","AtlScallop","Illex",0
"1240","AtlScallop","Loligo",0
"1241","AtlScallop","OtherCephalopods",0
"1242","OtherCephalopods","Bacteria",0
"1243","OtherCephalopods","BaleenWhales",0
"1244","OtherCephalopods","AmPlaice",0
"1245","OtherCephalopods","Cusk",0
"1246","OtherCephalopods","Fourspot",0
"1247","OtherCephalopods","Haddock",0
"1248","OtherCephalopods","LittleSkate",0
"1249","OtherCephalopods","OceanPout",0
"1250","OtherCephalopods","OtherDemersals",0
"1251","OtherCephalopods","Redfish",0
"1252","OtherCephalopods","RedHake",0
"1253","OtherCephalopods","SmFlatfishes",0
"1254","OtherCephalopods","SummerFlounder",0
"1255","OtherCephalopods","Windowpane",0
"1256","OtherCephalopods","WinterFlounder",0
"1257","OtherCephalopods","WinterSkate",0
"1258","OtherCephalopods","WitchFlounder",0
"1259","OtherCephalopods","YTFlounder",0
"1260","OtherCephalopods","Barndoor",0
"1261","OtherCephalopods","BlackSeaBass",0
"1262","OtherCephalopods","OtherSkates",0
"1263","OtherCephalopods","AtlHalibut",0
"1264","OtherCephalopods","Cod",0
"1265","OtherCephalopods","Detritus",0
"1266","OtherCephalopods","Discard",0
"1267","OtherCephalopods","GelZooplankton",0
"1268","OtherCephalopods","HMS",0
"1269","OtherCephalopods","LgCopepods",0.1006037
"1270","OtherCephalopods","Micronekton",0.6706911
"1271","OtherCephalopods","Macrobenthos",0.16767277
"1272","OtherCephalopods","OtherPelagics",0
"1273","OtherCephalopods","AtlScallop",0
"1274","OtherCephalopods","Megabenthos",0
"1275","OtherCephalopods","AmLobster",0
"1276","OtherCephalopods","Microzooplankton",0
"1277","OtherCephalopods","Odontocetes",0
"1278","OtherCephalopods","Phytoplankton",0
"1279","OtherCephalopods","Pinnipeds",0
"1280","OtherCephalopods","SeaBirds",0
"1281","OtherCephalopods","Sharks",0
"1282","OtherCephalopods","NShrimp",0.007085955
"1283","OtherCephalopods","OtherShrimps",0.016533895
"1284","OtherCephalopods","SmCopepods",0
"1285","OtherCephalopods","SmPelagics",0.00715983743589744
"1286","OtherCephalopods","AtlHerring",0.00599232579787234
"1287","OtherCephalopods","AtlMackerel",0.00120247340425532
"1288","OtherCephalopods","Butterfish",0.00034070079787234
"1289","OtherCephalopods","Mesopelagics",4.84427435897436e-05
"1290","OtherCephalopods","RiverHerring",0.00135639682051282
"1291","OtherCephalopods","Illex",0.0192317248021108
"1292","OtherCephalopods","Loligo",0.00208062519788918
"1293","OtherCephalopods","OtherCephalopods",0
"1294","Illex","Bacteria",0
"1295","Illex","BaleenWhales",0
"1296","Illex","AmPlaice",0
"1297","Illex","Cusk",0
"1298","Illex","Fourspot",0
"1299","Illex","Haddock",0
"1300","Illex","LittleSkate",0
"1301","Illex","OceanPout",0
"1302","Illex","OtherDemersals",0
"1303","Illex","Redfish",0
"1304","Illex","RedHake",0
"1305","Illex","SmFlatfishes",0
"1306","Illex","SummerFlounder",0
"1307","Illex","Windowpane",0
"1308","Illex","WinterFlounder",0
"1309","Illex","WinterSkate",0
"1310","Illex","WitchFlounder",0
"1311","Illex","YTFlounder",0
"1312","Illex","Barndoor",0
"1313","Illex","BlackSeaBass",0
"1314","Illex","OtherSkates",0
"1315","Illex","AtlHalibut",0
"1316","Illex","Cod",0
"1317","Illex","Detritus",0
"1318","Illex","Discard",0
"1319","Illex","GelZooplankton",0
"1320","Illex","HMS",0
"1321","Illex","LgCopepods",0.1006037
"1322","Illex","Micronekton",0.6706911
"1323","Illex","Macrobenthos",0.16767277
"1324","Illex","OtherPelagics",0
"1325","Illex","AtlScallop",0
"1326","Illex","Megabenthos",0
"1327","Illex","AmLobster",0
"1328","Illex","Microzooplankton",0
"1329","Illex","Odontocetes",0
"1330","Illex","Phytoplankton",0
"1331","Illex","Pinnipeds",0
"1332","Illex","SeaBirds",0
"1333","Illex","Sharks",0
"1334","Illex","NShrimp",0.007085955
"1335","Illex","OtherShrimps",0.016533895
"1336","Illex","SmCopepods",0
"1337","Illex","SmPelagics",0.00715983743589744
"1338","Illex","AtlHerring",0.00599232579787234
"1339","Illex","AtlMackerel",0.00120247340425532
"1340","Illex","Butterfish",0.00034070079787234
"1341","Illex","Mesopelagics",4.84427435897436e-05
"1342","Illex","RiverHerring",0.00135639682051282
"1343","Illex","Illex",0.0192317248021108
"1344","Illex","Loligo",0.00208062519788918
"1345","Illex","OtherCephalopods",0
"1346","Loligo","Bacteria",0
"1347","Loligo","BaleenWhales",0
"1348","Loligo","AmPlaice",0
"1349","Loligo","Cusk",0
"1350","Loligo","Fourspot",0
"1351","Loligo","Haddock",0
"1352","Loligo","LittleSkate",0
"1353","Loligo","OceanPout",0
"1354","Loligo","OtherDemersals",0
"1355","Loligo","Redfish",0
"1356","Loligo","RedHake",0
"1357","Loligo","SmFlatfishes",0
"1358","Loligo","SummerFlounder",0
"1359","Loligo","Windowpane",0
"1360","Loligo","WinterFlounder",0
"1361","Loligo","WinterSkate",0
"1362","Loligo","WitchFlounder",0
"1363","Loligo","YTFlounder",0
"1364","Loligo","Barndoor",0
"1365","Loligo","BlackSeaBass",0
"1366","Loligo","OtherSkates",0
"1367","Loligo","AtlHalibut",0
"1368","Loligo","Cod",0
"1369","Loligo","Detritus",0
"1370","Loligo","Discard",0
"1371","Loligo","GelZooplankton",0
"1372","Loligo","HMS",0
"1373","Loligo","LgCopepods",0.1006037
"1374","Loligo","Micronekton",0.6706911
"1375","Loligo","Macrobenthos",0.16767277
"1376","Loligo","OtherPelagics",0
"1377","Loligo","AtlScallop",0
"1378","Loligo","Megabenthos",0
"1379","Loligo","AmLobster",0
"1380","Loligo","Microzooplankton",0
"1381","Loligo","Odontocetes",0
"1382","Loligo","Phytoplankton",0
"1383","Loligo","Pinnipeds",0
"1384","Loligo","SeaBirds",0
"1385","Loligo","Sharks",0
"1386","Loligo","NShrimp",0.007085955
"1387","Loligo","OtherShrimps",0.016533895
"1388","Loligo","SmCopepods",0
"1389","Loligo","SmPelagics",0.00715983743589744
"1390","Loligo","AtlHerring",0.00599232579787234
"1391","Loligo","AtlMackerel",0.00120247340425532
"1392","Loligo","Butterfish",0.00034070079787234
"1393","Loligo","Mesopelagics",4.84427435897436e-05
"1394","Loligo","RiverHerring",0.00135639682051282
"1395","Loligo","Illex",0.0192317248021108
"1396","Loligo","Loligo",0.00208062519788918
"1397","Loligo","OtherCephalopods",0
"1398","SmCopepods","Bacteria",0
"1399","SmCopepods","BaleenWhales",0
"1400","SmCopepods","AmPlaice",0
"1401","SmCopepods","Cusk",0
"1402","SmCopepods","Fourspot",0
"1403","SmCopepods","Haddock",0
"1404","SmCopepods","LittleSkate",0
"1405","SmCopepods","OceanPout",0
"1406","SmCopepods","OtherDemersals",0
"1407","SmCopepods","Redfish",0
"1408","SmCopepods","RedHake",0
"1409","SmCopepods","SmFlatfishes",0
"1410","SmCopepods","SummerFlounder",0
"1411","SmCopepods","Windowpane",0
"1412","SmCopepods","WinterFlounder",0
"1413","SmCopepods","WinterSkate",0
"1414","SmCopepods","WitchFlounder",0
"1415","SmCopepods","YTFlounder",0
"1416","SmCopepods","Barndoor",0
"1417","SmCopepods","BlackSeaBass",0
"1418","SmCopepods","OtherSkates",0
"1419","SmCopepods","AtlHalibut",0
"1420","SmCopepods","Cod",0
"1421","SmCopepods","Detritus",0.130568
"1422","SmCopepods","Discard",0
"1423","SmCopepods","GelZooplankton",0
"1424","SmCopepods","HMS",0
"1425","SmCopepods","LgCopepods",0
"1426","SmCopepods","Micronekton",0
"1427","SmCopepods","Macrobenthos",0
"1428","SmCopepods","OtherPelagics",0
"1429","SmCopepods","AtlScallop",0
"1430","SmCopepods","Megabenthos",0
"1431","SmCopepods","AmLobster",0
"1432","SmCopepods","Microzooplankton",0.1133734
"1433","SmCopepods","Odontocetes",0
"1434","SmCopepods","Phytoplankton",0.7240587
"1435","SmCopepods","Pinnipeds",0
"1436","SmCopepods","SeaBirds",0
"1437","SmCopepods","Sharks",0
"1438","SmCopepods","NShrimp",0
"1439","SmCopepods","OtherShrimps",0
"1440","SmCopepods","SmCopepods",0.032
"1441","SmCopepods","SmPelagics",0
"1442","SmCopepods","AtlHerring",0
"1443","SmCopepods","AtlMackerel",0
"1444","SmCopepods","Butterfish",0
"1445","SmCopepods","Mesopelagics",0
"1446","SmCopepods","RiverHerring",0
"1447","SmCopepods","Illex",0
"1448","SmCopepods","Loligo",0
"1449","SmCopepods","OtherCephalopods",0
"1450","LgCopepods","Bacteria",0
"1451","LgCopepods","BaleenWhales",0
"1452","LgCopepods","AmPlaice",0
"1453","LgCopepods","Cusk",0
"1454","LgCopepods","Fourspot",0
"1455","LgCopepods","Haddock",0
"1456","LgCopepods","LittleSkate",0
"1457","LgCopepods","OceanPout",0
"1458","LgCopepods","OtherDemersals",0
"1459","LgCopepods","Redfish",0
"1460","LgCopepods","RedHake",0
"1461","LgCopepods","SmFlatfishes",0
"1462","LgCopepods","SummerFlounder",0
"1463","LgCopepods","Windowpane",0
"1464","LgCopepods","WinterFlounder",0
"1465","LgCopepods","WinterSkate",0
"1466","LgCopepods","WitchFlounder",0
"1467","LgCopepods","YTFlounder",0
"1468","LgCopepods","Barndoor",0
"1469","LgCopepods","BlackSeaBass",0
"1470","LgCopepods","OtherSkates",0
"1471","LgCopepods","AtlHalibut",0
"1472","LgCopepods","Cod",0
"1473","LgCopepods","Detritus",0.06195949
"1474","LgCopepods","Discard",0
"1475","LgCopepods","GelZooplankton",0.02392604
"1476","LgCopepods","HMS",0
"1477","LgCopepods","LgCopepods",0.1276366
"1478","LgCopepods","Micronekton",0
"1479","LgCopepods","Macrobenthos",0.00207612
"1480","LgCopepods","OtherPelagics",0
"1481","LgCopepods","AtlScallop",0
"1482","LgCopepods","Megabenthos",0
"1483","LgCopepods","AmLobster",0
"1484","LgCopepods","Microzooplankton",0.04287973
"1485","LgCopepods","Odontocetes",0
"1486","LgCopepods","Phytoplankton",0.6317893
"1487","LgCopepods","Pinnipeds",0
"1488","LgCopepods","SeaBirds",0
"1489","LgCopepods","Sharks",0
"1490","LgCopepods","NShrimp",0
"1491","LgCopepods","OtherShrimps",0
"1492","LgCopepods","SmCopepods",0.1097328
"1493","LgCopepods","SmPelagics",0
"1494","LgCopepods","AtlHerring",0
"1495","LgCopepods","AtlMackerel",0
"1496","LgCopepods","Butterfish",0
"1497","LgCopepods","Mesopelagics",0
"1498","LgCopepods","RiverHerring",0
"1499","LgCopepods","Illex",0
"1500","LgCopepods","Loligo",0
"1501","LgCopepods","OtherCephalopods",0
"1502","SmPelagics","Bacteria",0
"1503","SmPelagics","BaleenWhales",0
"1504","SmPelagics","AmPlaice",0
"1505","SmPelagics","Cusk",0
"1506","SmPelagics","Fourspot",0
"1507","SmPelagics","Haddock",0
"1508","SmPelagics","LittleSkate",0
"1509","SmPelagics","OceanPout",0
"1510","SmPelagics","OtherDemersals",0
"1511","SmPelagics","Redfish",0
"1512","SmPelagics","RedHake",0
"1513","SmPelagics","SmFlatfishes",0
"1514","SmPelagics","SummerFlounder",0
"1515","SmPelagics","Windowpane",0
"1516","SmPelagics","WinterFlounder",0
"1517","SmPelagics","WinterSkate",0
"1518","SmPelagics","WitchFlounder",0
"1519","SmPelagics","YTFlounder",0
"1520","SmPelagics","Barndoor",0
"1521","SmPelagics","BlackSeaBass",0
"1522","SmPelagics","OtherSkates",0
"1523","SmPelagics","AtlHalibut",0
"1524","SmPelagics","Cod",0
"1525","SmPelagics","Detritus",0
"1526","SmPelagics","Discard",0
"1527","SmPelagics","GelZooplankton",0.02177701
"1528","SmPelagics","HMS",0
"1529","SmPelagics","LgCopepods",0.676395
"1530","SmPelagics","Micronekton",0.05170571
"1531","SmPelagics","Macrobenthos",0.00365503
"1532","SmPelagics","OtherPelagics",0
"1533","SmPelagics","AtlScallop",0
"1534","SmPelagics","Megabenthos",0
"1535","SmPelagics","AmLobster",0
"1536","SmPelagics","Microzooplankton",0
"1537","SmPelagics","Odontocetes",0
"1538","SmPelagics","Phytoplankton",0.1656693
"1539","SmPelagics","Pinnipeds",0
"1540","SmPelagics","SeaBirds",0
"1541","SmPelagics","Sharks",0
"1542","SmPelagics","NShrimp",0
"1543","SmPelagics","OtherShrimps",0
"1544","SmPelagics","SmCopepods",0.08079781
"1545","SmPelagics","SmPelagics",0
"1546","SmPelagics","AtlHerring",0
"1547","SmPelagics","AtlMackerel",0
"1548","SmPelagics","Butterfish",0
"1549","SmPelagics","Mesopelagics",0
"1550","SmPelagics","RiverHerring",0
"1551","SmPelagics","Illex",0
"1552","SmPelagics","Loligo",0
"1553","SmPelagics","OtherCephalopods",0
"1554","Bacteria","Bacteria",0
"1555","Bacteria","BaleenWhales",0
"1556","Bacteria","AmPlaice",0
"1557","Bacteria","Cusk",0
"1558","Bacteria","Fourspot",0
"1559","Bacteria","Haddock",0
"1560","Bacteria","LittleSkate",0
"1561","Bacteria","OceanPout",0
"1562","Bacteria","OtherDemersals",0
"1563","Bacteria","Redfish",0
"1564","Bacteria","RedHake",0
"1565","Bacteria","SmFlatfishes",0
"1566","Bacteria","SummerFlounder",0
"1567","Bacteria","Windowpane",0
"1568","Bacteria","WinterFlounder",0
"1569","Bacteria","WinterSkate",0
"1570","Bacteria","WitchFlounder",0
"1571","Bacteria","YTFlounder",0
"1572","Bacteria","Barndoor",0
"1573","Bacteria","BlackSeaBass",0
"1574","Bacteria","OtherSkates",0
"1575","Bacteria","AtlHalibut",0
"1576","Bacteria","Cod",0
"1577","Bacteria","Detritus",0.5694807
"1578","Bacteria","Discard",0
"1579","Bacteria","GelZooplankton",0
"1580","Bacteria","HMS",0
"1581","Bacteria","LgCopepods",0
"1582","Bacteria","Micronekton",0
"1583","Bacteria","Macrobenthos",0
"1584","Bacteria","OtherPelagics",0
"1585","Bacteria","AtlScallop",0
"1586","Bacteria","Megabenthos",0
"1587","Bacteria","AmLobster",0
"1588","Bacteria","Microzooplankton",0
"1589","Bacteria","Odontocetes",0
"1590","Bacteria","Phytoplankton",0.4305193
"1591","Bacteria","Pinnipeds",0
"1592","Bacteria","SeaBirds",0
"1593","Bacteria","Sharks",0
"1594","Bacteria","NShrimp",0
"1595","Bacteria","OtherShrimps",0
"1596","Bacteria","SmCopepods",0
"1597","Bacteria","SmPelagics",0
"1598","Bacteria","AtlHerring",0
"1599","Bacteria","AtlMackerel",0
"1600","Bacteria","Butterfish",0
"1601","Bacteria","Mesopelagics",0
"1602","Bacteria","RiverHerring",0
"1603","Bacteria","Illex",0
"1604","Bacteria","Loligo",0
"1605","Bacteria","OtherCephalopods",0
"1606","Macrobenthos","Bacteria",0.226451309435138
"1607","Macrobenthos","BaleenWhales",0
"1608","Macrobenthos","AmPlaice",0.000120217423356504
"1609","Macrobenthos","Cusk",5.06848882371703e-05
"1610","Macrobenthos","Fourspot",1.27348965420026e-06
"1611","Macrobenthos","Haddock",0.000317098923895865
"1612","Macrobenthos","LittleSkate",1.37536882653628e-05
"1613","Macrobenthos","OceanPout",9.67852137192197e-06
"1614","Macrobenthos","OtherDemersals",5.55241489231313e-05
"1615","Macrobenthos","Redfish",0.000112576485431303
"1616","Macrobenthos","RedHake",0.000106209037160302
"1617","Macrobenthos","SmFlatfishes",0
"1618","Macrobenthos","SummerFlounder",5.09395861680104e-07
"1619","Macrobenthos","Windowpane",2.03758344672041e-06
"1620","Macrobenthos","WinterFlounder",2.4451001360645e-05
"1621","Macrobenthos","WinterSkate",3.10731475624863e-05
"1622","Macrobenthos","WitchFlounder",4.30439503119688e-05
"1623","Macrobenthos","YTFlounder",8.91442757940181e-06
"1624","Macrobenthos","Barndoor",0
"1625","Macrobenthos","BlackSeaBass",1.42681520476037e-07
"1626","Macrobenthos","OtherSkates",7.18401455596846e-05
"1627","Macrobenthos","AtlHalibut",4.01780701486765e-06
"1628","Macrobenthos","Cod",0.000524725596141716
"1629","Macrobenthos","Detritus",0.398659863108092
"1630","Macrobenthos","Discard",0
"1631","Macrobenthos","GelZooplankton",0
"1632","Macrobenthos","HMS",0
"1633","Macrobenthos","LgCopepods",0.00192215179288384
"1634","Macrobenthos","Micronekton",0.0580246910656929
"1635","Macrobenthos","Macrobenthos",0.102683179283331
"1636","Macrobenthos","OtherPelagics",0
"1637","Macrobenthos","AtlScallop",2.16530559142726e-05
"1638","Macrobenthos","Megabenthos",0.00517863883465916
"1639","Macrobenthos","AmLobster",8.4214695990321e-05
"1640","Macrobenthos","Microzooplankton",0
"1641","Macrobenthos","Odontocetes",0
"1642","Macrobenthos","Phytoplankton",0.205095001325626
"1643","Macrobenthos","Pinnipeds",0
"1644","Macrobenthos","SeaBirds",0
"1645","Macrobenthos","Sharks",0
"1646","Macrobenthos","NShrimp",0
"1647","Macrobenthos","OtherShrimps",0
"1648","Macrobenthos","SmCopepods",0.000381268567769625
"1649","Macrobenthos","SmPelagics",0
"1650","Macrobenthos","AtlHerring",0
"1651","Macrobenthos","AtlMackerel",0
"1652","Macrobenthos","Butterfish",0
"1653","Macrobenthos","Mesopelagics",0
"1654","Macrobenthos","RiverHerring",0
"1655","Macrobenthos","Illex",0
"1656","Macrobenthos","Loligo",0
"1657","Macrobenthos","OtherCephalopods",0
"1658","Megabenthos","Bacteria",0.131392552960894
"1659","Megabenthos","BaleenWhales",0
"1660","Megabenthos","AmPlaice",0.000212264515116157
"1661","Megabenthos","Cusk",8.94928781951596e-05
"1662","Megabenthos","Fourspot",2.24856477877285e-06
"1663","Megabenthos","Haddock",0.00055989262991444
"1664","Megabenthos","LittleSkate",2.42844996107468e-05
"1665","Megabenthos","OceanPout",1.70890923186737e-05
"1666","Megabenthos","OtherDemersals",9.80374243544964e-05
"1667","Megabenthos","Redfish",0.00019877312644352
"1668","Megabenthos","RedHake",0.000187530302549656
"1669","Megabenthos","SmFlatfishes",0
"1670","Megabenthos","SummerFlounder",8.99425911509141e-07
"1671","Megabenthos","Windowpane",3.59770364603656e-06
"1672","Megabenthos","WinterFlounder",4.31724437524388e-05
"1673","Megabenthos","WinterSkate",5.48649806020576e-05
"1674","Megabenthos","WitchFlounder",7.60014895225224e-05
"1675","Megabenthos","YTFlounder",1.573995345141e-05
"1676","Megabenthos","Barndoor",0
"1677","Megabenthos","BlackSeaBass",9.35306347896861e-07
"1678","Megabenthos","OtherSkates",0.00047092674616607
"1679","Megabenthos","AtlHalibut",6.8775033876144e-06
"1680","Megabenthos","Cod",0.000898201942422441
"1681","Megabenthos","Detritus",0.13972580526257
"1682","Megabenthos","Discard",0
"1683","Megabenthos","GelZooplankton",0
"1684","Megabenthos","HMS",0
"1685","Megabenthos","LgCopepods",0
"1686","Megabenthos","Micronekton",0
"1687","Megabenthos","Macrobenthos",0.339082636793296
"1688","Megabenthos","OtherPelagics",0
"1689","Megabenthos","AtlScallop",6.84034987567455e-05
"1690","Megabenthos","Megabenthos",0.0274207880172802
"1691","Megabenthos","AmLobster",0.000531015514130651
"1692","Megabenthos","Microzooplankton",0
"1693","Megabenthos","Odontocetes",0
"1694","Megabenthos","Phytoplankton",0.358817855418994
"1695","Megabenthos","Pinnipeds",0
"1696","Megabenthos","SeaBirds",0
"1697","Megabenthos","Sharks",0
"1698","Megabenthos","NShrimp",0
"1699","Megabenthos","OtherShrimps",0
"1700","Megabenthos","SmCopepods",0
"1701","Megabenthos","SmPelagics",0
"1702","Megabenthos","AtlHerring",0
"1703","Megabenthos","AtlMackerel",0
"1704","Megabenthos","Butterfish",0
"1705","Megabenthos","Mesopelagics",0
"1706","Megabenthos","RiverHerring",0
"1707","Megabenthos","Illex",0
"1708","Megabenthos","Loligo",0
"1709","Megabenthos","OtherCephalopods",0
